"","gene","CA1.ConfT.ConfY","CA1.ConfY.StdY","CA1.StdT.StdY","CA3.ConfY.StdY","CA3.StdT.StdY","DG.conflict.trained-standard.trained","DG.ConfT.ConfY","DG.ConfY.StdY","DG.StdT.StdY"
"1","1110032F04Rik",0,1,0,0,0,0,0,0,0
"2","1600002K03Rik",0,1,0,0,0,0,0,0,0
"3","1810022K09Rik",0,0,1,0,0,0,0,0,0
"4","1810030O07Rik",0,1,1,0,0,0,0,0,0
"5","2010107G23Rik",0,1,0,0,0,0,0,0,0
"6","2210013O21Rik",0,1,0,0,0,0,0,0,0
"7","2210016L21Rik",0,1,0,0,0,0,0,0,0
"8","2310009B15Rik",0,1,0,0,0,0,0,0,0
"9","2410002F23Rik",0,1,1,0,0,0,0,0,0
"10","2410004P03Rik",0,1,1,0,0,0,0,0,0
"11","3110035E14Rik",0,0,1,0,0,0,0,0,0
"12","3632451O06Rik",0,1,1,0,0,0,0,0,0
"13","5730409E04Rik",0,1,0,0,0,0,0,0,0
"14","6330408A02Rik",0,1,1,0,0,0,0,0,0
"15","9430015G10Rik",0,0,1,0,0,0,0,0,0
"16","A830010M20Rik",0,0,0,0,0,0,0,0,1
"17","Aagab",0,0,1,0,0,0,0,0,0
"18","Abcc4",0,1,0,0,0,0,0,0,0
"19","Abcd4",0,1,1,0,0,0,0,0,0
"20","Abce1",0,1,1,0,0,0,0,0,0
"21","Abcf1",0,1,1,0,0,0,0,0,0
"22","Abhd14b",0,1,1,0,0,0,0,0,0
"23","Abhd4",0,1,0,0,0,0,0,0,0
"24","Abl1",0,0,1,0,0,0,0,0,0
"25","Ablim1",0,1,1,0,0,0,0,0,0
"26","Ablim2",0,1,1,0,0,0,0,0,0
"27","Abr",0,0,1,0,0,0,0,0,0
"28","Acad8",0,0,1,0,0,0,0,0,0
"29","Acads",0,0,1,0,0,0,0,0,0
"30","Acan",0,0,0,0,0,0,1,0,1
"31","Ache",0,1,0,0,0,0,0,0,0
"32","Acin1",0,1,1,0,0,0,0,0,0
"33","Acot9",0,0,1,0,0,0,0,0,0
"34","Acp1",0,1,1,0,0,0,0,0,0
"35","Acta1",0,0,1,0,0,0,0,0,0
"36","Actl6b",0,0,1,0,0,0,0,0,0
"37","Actr6",0,1,1,0,0,0,0,0,0
"38","Acvr1b",0,1,1,0,0,0,0,0,0
"39","Adam8",0,0,1,0,0,0,0,0,0
"40","Adamts1",0,1,1,0,0,0,0,0,1
"41","Adat1",0,0,1,0,0,0,0,0,0
"42","Adcy5",0,1,0,0,0,0,0,0,0
"43","Adcy6",0,1,0,0,0,0,0,0,0
"44","Adgrb3",0,1,0,0,0,0,0,0,0
"45","Adgrf5",0,1,1,0,0,0,0,0,0
"46","Adgrl4",0,1,1,0,0,0,0,0,0
"47","Adpgk",0,1,0,0,0,0,0,0,0
"48","Adrb1",0,1,1,0,0,0,0,0,0
"49","Aff4",0,1,1,0,0,0,0,0,0
"50","Afg3l1",0,1,0,0,0,0,0,0,0
"51","Afg3l2",0,0,1,0,0,0,0,0,0
"52","Aftph",0,0,1,0,0,0,0,0,0
"53","Agap1",0,1,1,0,0,0,0,0,0
"54","Agfg2",0,0,1,0,0,0,0,0,0
"55","Ahcyl1",0,1,1,0,0,0,0,0,0
"56","Ahdc1",0,0,1,0,0,0,0,0,0
"57","Ahnak",0,1,1,0,0,0,0,0,0
"58","Aip",0,0,1,0,0,0,0,0,0
"59","AK010878",0,1,1,0,0,0,0,0,0
"60","Akap9",0,0,1,0,0,0,0,0,0
"61","Akt2",0,1,1,0,0,0,0,0,0
"62","Aldoa",0,0,1,0,0,0,0,0,0
"63","Alg11",0,0,1,0,0,0,0,0,0
"64","Alg9",0,1,0,0,0,0,0,0,0
"65","Alms1",0,0,1,0,0,0,0,0,0
"66","Amigo1",0,0,1,0,0,0,0,0,0
"67","Amigo2",0,0,0,0,0,0,0,0,1
"68","Amigo3",0,0,1,0,0,0,0,0,0
"69","Amotl1",0,1,1,0,0,0,0,0,0
"70","Amotl2",0,1,1,0,0,0,0,0,0
"71","Ampd3",0,1,1,0,0,0,0,0,0
"72","Ank",0,1,0,0,0,0,0,0,0
"73","Ankfy1",0,0,1,0,0,0,0,0,0
"74","Ankrd12",0,0,1,0,0,0,0,0,0
"75","Ankrd26",0,1,1,0,0,0,0,0,0
"76","Ankrd28",0,0,0,0,0,0,0,0,1
"77","Ankrd33b",0,0,0,0,0,0,1,0,0
"78","Ankrd40",0,1,0,0,0,0,0,0,0
"79","Ankrd50",0,1,1,0,0,0,0,0,0
"80","Ankrd9",0,1,1,0,0,0,0,0,0
"81","Ankzf1",0,1,1,0,0,0,0,0,0
"82","Ap1s1",0,0,1,0,0,0,0,0,0
"83","Ap3m2",0,1,1,0,0,0,0,0,0
"84","Ap4m1",0,1,1,0,0,0,0,0,0
"85","Apcdd1",0,1,0,0,0,0,0,0,0
"86","Aph1c",0,1,1,0,0,0,0,0,0
"87","Apln",0,0,1,0,0,0,0,0,0
"88","Apmap",0,1,1,0,0,0,0,0,0
"89","Apol8",0,0,1,0,0,0,0,0,0
"90","Aptx",0,0,1,0,0,0,0,0,0
"91","Arc",0,0,0,0,0,0,0,0,1
"92","Arf5",0,0,1,0,0,0,0,0,0
"93","Arfgap3",0,1,0,0,0,0,0,0,0
"94","Arfgef3",0,0,1,0,0,0,0,0,0
"95","Arglu1",0,0,1,0,0,0,0,0,0
"96","Arhgap29",0,1,1,0,0,0,0,0,0
"97","Arhgap31",0,1,1,0,0,0,0,0,0
"98","Arhgap4",0,1,0,0,0,0,0,0,0
"99","Arhgef10l",0,1,0,0,0,0,0,0,0
"100","Arhgef11",0,1,1,0,0,0,0,0,0
"101","Arhgef19",0,1,1,0,0,0,0,0,0
"102","Arid1b",0,1,1,0,0,0,0,0,0
"103","Arid3b",0,1,0,0,0,0,0,0,0
"104","Arl13b",0,0,1,0,0,0,0,0,0
"105","Arl4a",0,0,0,0,0,0,0,0,1
"106","Arl4d",0,0,0,0,0,0,0,0,1
"107","Arl5a",0,0,1,0,0,0,0,0,0
"108","Arl5b",0,0,0,0,0,0,0,0,1
"109","Armc1",0,1,1,0,0,0,0,0,0
"110","Armc7",0,1,1,0,0,0,0,0,0
"111","Armcx5",0,0,0,0,0,0,0,0,1
"112","Armt1",0,1,0,0,0,0,0,0,0
"113","Arntl2",0,0,1,0,0,0,0,0,0
"114","Arrdc3",0,0,1,0,0,0,0,0,0
"115","Arrdc4",0,1,1,0,0,0,0,0,0
"116","Arvcf",0,1,0,0,0,0,0,0,0
"117","Asap1",0,0,1,0,0,0,0,0,0
"118","Asb3",0,1,1,0,0,0,0,0,0
"119","Ascc1",0,1,1,0,0,0,0,0,0
"120","Asph",0,1,0,0,0,0,0,0,0
"121","Astn1",0,1,0,0,0,0,0,0,0
"122","Asxl3",0,0,1,0,0,0,0,0,0
"123","Atf3",0,0,0,0,0,0,0,0,1
"124","Atf5",0,0,1,0,0,0,0,0,0
"125","Atf6b",0,0,1,0,0,0,0,0,0
"126","Atg4b",0,1,0,0,0,0,0,0,0
"127","Atp13a4",0,1,1,0,0,0,0,0,0
"128","Atp1a2",0,1,0,0,0,0,0,0,0
"129","Atp2a2",0,1,0,0,0,0,0,0,0
"130","Atp2b2",0,0,1,0,0,0,0,0,0
"131","Atp5d",0,1,0,0,0,0,0,0,0
"132","Atp5e",0,0,1,0,0,0,0,0,0
"133","Atp6v1b2",0,1,1,0,0,0,0,0,0
"134","Atp6v1g2",0,0,1,0,0,0,0,0,0
"135","Atpaf2",0,0,1,0,0,0,0,0,0
"136","Atxn10",0,1,1,0,0,0,0,0,0
"137","Atxn7l2",0,1,1,0,0,0,0,0,0
"138","Atxn7l3",0,0,1,0,0,0,0,0,0
"139","AU019823",0,1,1,0,0,0,0,0,0
"140","AU040320",0,1,1,0,0,0,0,0,0
"141","Axl",0,1,0,0,0,0,0,0,0
"142","Azin2",0,1,1,0,0,0,0,0,0
"143","B4galt7",0,1,0,0,0,0,0,0,0
"144","Bag3",0,1,1,0,0,0,0,0,0
"145","Bahcc1",0,1,1,0,0,0,0,0,0
"146","Bap1",0,1,1,0,0,0,0,0,0
"147","Basp1",0,1,1,0,0,0,0,0,0
"148","Bax",0,1,1,0,0,0,0,0,0
"149","Baz2a",0,0,1,0,0,0,0,0,0
"150","Baz2b",0,0,1,0,0,0,0,0,0
"151","Bbof1",0,1,0,0,0,0,0,0,0
"152","Bbs5",0,1,1,0,0,0,0,0,0
"153","Bbs9",0,1,0,0,0,0,0,0,0
"154","BC024978",0,1,1,0,0,0,0,0,0
"155","BC030500",0,0,1,0,0,0,0,0,0
"156","Bcl6",0,1,0,0,0,0,0,0,0
"157","Bdnf",0,0,0,0,0,0,0,0,1
"158","Bhlhb9",0,1,0,0,0,0,0,0,0
"159","Bin3",0,1,0,0,0,0,0,0,0
"160","Bloc1s5",0,0,1,0,0,0,0,0,0
"161","Bmpr2",0,1,1,0,0,0,0,0,0
"162","Bnip2",0,1,0,0,0,0,0,0,0
"163","Bod1",0,1,0,0,0,0,0,0,0
"164","Bok",0,1,0,0,0,0,0,0,0
"165","Bop1",0,0,1,0,0,0,0,0,0
"166","Braf",0,1,0,0,0,0,0,0,0
"167","Bri3bp",0,1,1,0,0,0,0,0,0
"168","Btbd10",0,0,1,0,0,0,0,0,0
"169","Btg2",0,0,0,0,0,0,0,0,1
"170","Bud31",0,1,1,0,0,0,0,0,0
"171","C130074G19Rik",0,1,0,0,0,0,0,0,0
"172","C1galt1c1",0,1,1,0,0,0,0,0,0
"173","C1ql3",0,1,0,0,0,0,0,0,0
"174","C1qtnf6",0,1,0,0,0,0,0,0,0
"175","C2cd3",0,0,1,0,0,0,0,0,0
"176","C77370",0,1,0,0,0,0,0,0,0
"177","Cabp1",0,0,1,0,0,0,0,0,0
"178","Cacfd1",0,1,0,0,0,0,0,0,0
"179","Cacna1c",0,1,0,0,0,0,0,0,0
"180","Cacnb1",0,1,0,0,0,0,0,0,0
"181","Camk1g",0,1,0,0,0,0,0,0,0
"182","Camk2d",0,1,1,0,0,0,0,0,0
"183","Camk2g",0,1,1,0,0,0,0,0,0
"184","Camkk2",0,0,1,0,0,0,0,0,0
"185","Camkmt",0,1,1,0,0,0,0,0,0
"186","Camsap1",0,0,1,0,0,0,0,0,0
"187","Capn10",0,0,1,0,0,0,0,0,0
"188","Capn5",0,1,1,0,0,0,0,0,0
"189","Carm1",0,1,0,0,0,0,0,0,0
"190","Carnmt1",0,1,0,0,0,0,0,0,0
"191","Cbx3",0,0,1,0,0,0,0,0,0
"192","Cbx4",0,0,1,0,0,0,0,0,0
"193","Ccdc107",0,1,1,0,0,0,0,0,0
"194","Ccdc167",0,1,1,0,0,0,0,0,0
"195","Ccdc190",0,0,1,0,0,0,0,0,0
"196","Ccdc43",0,0,1,0,0,0,0,0,0
"197","Ccdc53",0,1,0,0,0,0,0,0,0
"198","Ccdc59",0,1,0,0,0,0,0,0,0
"199","Ccng1",0,1,0,0,0,0,0,0,0
"200","Ccny",0,0,1,0,0,0,0,0,0
"201","Ccr2",0,1,0,0,0,0,0,0,0
"202","Ccr5",0,0,1,0,0,0,0,0,0
"203","Cct3",0,1,1,0,0,0,0,0,0
"204","Cct7",0,0,1,0,0,0,0,0,0
"205","Cd200",0,1,1,0,0,0,0,0,0
"206","Cd63",0,1,0,0,0,0,0,0,0
"207","Cd93",0,1,1,0,0,0,0,0,0
"208","Cdadc1",0,1,0,0,0,0,0,0,0
"209","Cdc123",0,1,0,0,0,0,0,0,0
"210","Cdc14b",0,1,1,0,0,0,0,0,0
"211","Cdc42bpg",0,1,0,0,0,0,0,0,0
"212","Cdc73",0,1,1,0,0,0,0,0,0
"213","Cdh10",0,1,1,0,0,0,0,0,0
"214","Cdh12",0,1,1,0,0,0,0,0,0
"215","Cdh20",0,0,1,0,0,0,0,0,0
"216","Cdh7",0,0,1,0,0,0,0,0,0
"217","Cdk15",0,0,1,0,0,0,0,0,0
"218","Cdk8",0,1,0,0,0,0,0,0,0
"219","Cdkal1",0,1,0,0,0,0,0,0,0
"220","Cdkl4",0,1,1,0,0,0,0,0,0
"221","Cdon",0,1,1,0,0,0,0,0,0
"222","Cds2",0,1,1,0,0,0,0,0,0
"223","Cend1",0,0,1,0,0,0,0,0,0
"224","Cep131",0,0,1,0,0,0,0,0,0
"225","Cep135",0,1,0,0,0,0,0,0,0
"226","Cers1",0,1,0,0,0,0,0,0,0
"227","Ces2b",0,1,0,0,0,0,0,0,0
"228","Cfap20",0,0,1,0,0,0,0,0,0
"229","Cfp",0,1,0,0,0,0,0,0,0
"230","Chchd4",0,1,1,0,0,0,0,0,0
"231","Chd6",0,1,0,0,0,0,0,0,0
"232","Chmp7",0,1,0,0,0,0,0,0,0
"233","Chpf",0,0,1,0,0,0,0,0,0
"234","Chrd",0,0,1,0,0,0,0,0,0
"235","Chrm3",0,1,1,0,0,0,0,0,0
"236","Chuk",0,0,1,0,0,0,0,0,0
"237","Ciao1",0,1,0,0,0,0,0,0,0
"238","Cib2",0,1,1,0,0,0,0,0,0
"239","Cic",0,1,1,0,0,0,0,0,0
"240","Cirh1a",0,1,0,0,0,0,0,0,0
"241","Cited2",0,0,0,0,0,0,0,0,1
"242","Clcn5",0,1,1,0,0,0,0,0,0
"243","Clcn7",0,1,0,0,0,0,0,0,0
"244","Clec11a",0,1,0,0,0,0,0,0,0
"245","Clip4",0,1,1,0,0,0,0,0,0
"246","Clock",0,0,1,0,0,0,0,0,0
"247","Clpp",0,1,1,0,0,0,0,0,0
"248","Clybl",0,1,1,0,0,0,0,0,0
"249","Cnbd2",0,1,0,0,0,0,0,0,0
"250","Cnnm1",0,0,0,0,0,0,0,0,1
"251","Cnot6",0,1,1,0,0,0,0,0,0
"252","Cnot8",0,1,1,0,0,0,0,0,0
"253","Cnr1",0,1,1,0,0,0,0,0,0
"254","Cntnap2",0,1,1,0,0,0,0,0,0
"255","Cntnap5b",0,1,1,0,0,0,0,0,0
"256","Cntrl",0,0,1,0,0,0,0,0,0
"257","Cntrob",0,1,0,0,0,0,0,0,0
"258","Coasy",0,1,1,0,0,0,0,0,0
"259","Cog3",0,1,1,0,0,0,0,0,0
"260","Coil",0,1,1,0,0,0,0,0,0
"261","Col10a1",0,0,0,0,0,0,0,0,1
"262","Col11a2",0,1,1,0,0,0,0,0,0
"263","Colgalt2",0,0,1,0,0,0,0,0,0
"264","Commd4",0,1,1,0,0,0,0,0,0
"265","Commd9",0,1,0,0,0,0,0,0,0
"266","Coq2",0,0,1,0,0,0,0,0,0
"267","Cpeb4",0,0,0,0,0,0,0,0,1
"268","Cpne6",0,1,1,0,0,0,0,0,0
"269","Cpne7",0,1,1,0,0,0,0,0,0
"270","Cpq",0,0,1,0,0,0,0,0,0
"271","Crem",0,0,1,0,0,0,0,0,0
"272","Crim1",0,0,1,0,0,0,0,0,0
"273","Crnkl1",0,1,1,0,0,0,0,0,0
"274","Crocc",0,1,0,0,0,0,0,0,0
"275","Crtc3",0,1,1,0,0,0,0,0,0
"276","Csf3r",0,1,1,0,0,0,0,0,0
"277","Csmd3",0,1,0,0,0,0,0,0,0
"278","Csrnp1",0,0,0,0,0,0,0,0,1
"279","Cstf1",0,0,1,0,0,0,0,0,0
"280","Ctcfl",0,0,1,0,0,0,0,0,0
"281","Ctf2",0,1,1,0,0,0,0,0,0
"282","Ctnnd1",0,0,0,0,0,0,0,0,1
"283","Ctsh",0,1,0,0,0,0,0,0,0
"284","Cuedc1",0,1,0,0,0,0,0,0,0
"285","Cwc25",0,0,0,0,0,0,0,0,1
"286","Cwc27",0,1,1,0,0,0,0,0,0
"287","Cxadr",0,0,0,0,0,0,0,0,1
"288","Cxcl12",0,1,1,0,0,0,0,0,0
"289","Cxcl9",0,1,0,0,0,0,0,0,0
"290","Cyb561",0,1,0,0,0,0,0,0,0
"291","Cyb561d2",0,1,0,0,0,0,0,0,0
"292","Cyb5b",0,0,1,0,0,0,0,0,0
"293","Cyp4v3",0,1,0,0,0,0,0,0,0
"294","Cyp51",0,0,0,0,0,0,0,0,1
"295","D1Ertd622e",0,0,1,0,0,0,0,0,0
"296","D5Ertd579e",0,1,1,0,0,0,0,0,0
"297","Daglb",0,1,0,0,0,0,0,0,0
"298","Dbpht2",0,0,0,0,0,0,1,0,1
"299","Dbt",0,0,1,0,0,0,0,0,0
"300","Dcaf12",0,1,1,0,0,0,0,0,0
"301","Dcdc2b",0,1,1,0,0,0,0,0,0
"302","Dclre1b",0,1,0,0,0,0,0,0,0
"303","Dda1",0,1,1,0,0,0,0,0,0
"304","Ddx19b",0,0,1,0,0,0,0,0,0
"305","Ddx24",0,1,0,0,0,0,0,0,0
"306","Ddx31",0,0,1,0,0,0,0,0,0
"307","Ddx39",0,1,1,0,0,0,0,0,0
"308","Ddx47",0,1,0,0,0,0,0,0,0
"309","Ddx51",0,1,0,0,0,0,0,0,0
"310","Decr2",0,1,0,0,0,0,0,0,0
"311","Dennd1b",0,0,1,0,0,0,0,0,0
"312","Det1",0,1,0,0,0,0,0,0,0
"313","Dhps",0,1,1,0,0,0,0,0,0
"314","Dhtkd1",0,1,0,0,0,0,0,0,0
"315","Dhx34",0,1,1,0,0,0,0,0,0
"316","Diaph2",0,1,1,0,0,0,0,0,0
"317","Dll3",0,0,0,0,0,0,0,0,1
"318","Dnaja1",0,0,0,0,0,0,0,0,1
"319","Dnajb1",0,0,0,0,0,0,0,0,1
"320","Dnajb5",0,0,0,0,0,0,0,0,1
"321","Dnajb6",0,0,1,0,0,0,0,0,0
"322","Dnajc18",0,1,1,0,0,0,0,0,0
"323","Dnase1l2",0,1,0,0,0,0,0,0,0
"324","Dner",0,0,1,0,0,0,0,0,0
"325","Dnlz",0,1,0,0,0,0,0,0,0
"326","Dock8",0,1,0,0,0,0,0,0,0
"327","Dok6",0,0,1,0,0,0,0,0,0
"328","Dpf1",0,0,1,0,0,0,0,0,0
"329","Dpp9",0,1,1,0,0,0,0,0,0
"330","Dpy19l3",0,1,0,0,0,0,0,0,0
"331","Drp2",0,0,1,0,0,0,0,0,0
"332","Dscr3",0,1,0,0,0,0,0,0,0
"333","Dtx3l",0,1,1,0,0,0,0,0,0
"334","Dus2",0,1,0,0,0,0,0,0,0
"335","Dus3l",0,1,0,0,0,0,0,0,0
"336","Dusp10",0,1,1,0,0,0,0,0,0
"337","Dusp16",0,1,0,0,0,0,0,0,1
"338","Dusp19",0,0,1,0,0,0,0,0,0
"339","Dusp6",0,0,0,0,0,0,0,0,1
"340","Dync1li1",0,1,0,0,0,0,0,0,0
"341","E130309D02Rik",0,1,0,0,0,0,0,0,0
"342","Ece1",0,1,0,0,0,0,0,0,0
"343","Edc3",0,1,0,0,0,0,0,0,0
"344","Eed",0,1,1,0,0,0,0,0,0
"345","Efcab12",0,1,1,0,0,0,0,0,0
"346","Efcab14",0,1,1,0,0,0,0,0,0
"347","Efcab6",0,1,0,0,0,0,0,0,0
"348","Efnb2",0,0,0,0,0,0,0,0,1
"349","Egr1",0,0,0,0,0,0,0,0,1
"350","Egr3",0,0,0,0,0,0,0,0,1
"351","Egr4",0,0,0,0,0,0,0,0,1
"352","Ehd2",0,1,1,0,0,0,0,0,0
"353","Eif1ad",0,1,1,0,0,0,0,0,0
"354","Eif2s1",0,0,1,0,0,0,0,0,0
"355","Eif2s2",0,1,1,0,0,0,0,0,0
"356","Eif4a1",0,0,1,0,0,0,0,0,0
"357","Eif4a2",0,0,1,0,0,0,0,0,0
"358","Elmod1",0,1,0,0,0,0,0,0,0
"359","Elp2",0,1,0,0,0,0,0,0,0
"360","Emc4",0,0,1,0,0,0,0,0,0
"361","Emc6",0,1,1,0,0,0,0,0,0
"362","Eml2",0,0,1,0,0,0,0,0,0
"363","Eml4",0,1,0,0,0,0,0,0,0
"364","Endog",0,1,1,0,0,0,0,0,0
"365","Endov",0,1,1,0,0,0,0,0,0
"366","Eng",0,1,1,0,0,0,0,0,0
"367","Enkd1",0,0,1,0,0,0,0,0,0
"368","Eno4",0,1,0,0,0,0,0,0,0
"369","Entpd1",0,1,0,0,0,0,0,0,1
"370","Entpd2",0,1,0,0,0,0,0,0,0
"371","Entpd7",0,1,1,0,0,0,0,0,0
"372","Eny2",0,1,0,0,0,0,0,0,0
"373","Ep300",0,1,0,0,0,0,0,0,0
"374","Epha6",0,1,1,0,0,0,0,0,0
"375","Eps8",0,1,0,0,0,0,0,0,0
"376","Epyc",0,1,0,0,0,0,0,0,0
"377","Erbb4",0,1,1,0,0,0,0,0,0
"378","Erbin",0,1,1,0,0,0,0,0,0
"379","Ercc6",0,1,1,0,0,0,0,0,0
"380","Erf",0,0,0,0,0,0,0,0,1
"381","Eri3",0,0,1,0,0,0,0,0,0
"382","Erich3",0,1,1,0,0,0,0,0,0
"383","Ero1lb",0,1,0,0,0,0,0,0,0
"384","Errfi1",0,0,0,0,0,0,0,0,1
"385","Esrrg",0,0,1,0,0,0,0,0,0
"386","Esyt1",0,0,1,0,0,0,0,0,0
"387","Ethe1",0,1,0,0,0,0,0,0,0
"388","Ets1",0,1,1,0,0,0,0,0,0
"389","Etv5",0,0,0,0,0,0,0,0,1
"390","Exoc1",0,1,1,0,0,0,0,0,0
"391","Exoc6b",0,0,1,0,0,0,0,0,0
"392","Exosc1",0,1,1,0,0,0,0,0,0
"393","Ext1",0,0,1,0,0,0,0,0,0
"394","Extl2",0,1,0,0,0,0,0,0,0
"395","F3",0,1,0,0,0,0,0,0,0
"396","Fam102b",0,1,1,0,0,0,0,0,0
"397","Fam107b",0,0,0,0,0,0,0,0,1
"398","Fam110b",0,0,1,0,0,0,0,0,0
"399","Fam114a2",0,1,1,0,0,0,0,0,0
"400","Fam131a",0,0,1,0,0,0,0,0,0
"401","Fam133b",0,1,0,0,0,0,0,0,0
"402","Fam134a",0,1,0,0,0,0,0,0,0
"403","Fam168a",0,1,1,0,0,0,0,0,0
"404","Fam171a2",0,1,1,0,0,0,0,0,0
"405","Fam19a2",0,0,1,0,0,0,0,0,0
"406","Fam20b",0,1,1,0,0,0,0,0,0
"407","Fam219b",0,1,0,0,0,0,0,0,0
"408","Fam220a",0,1,1,0,0,0,0,0,0
"409","Fam53c",0,1,1,0,0,0,0,0,0
"410","Fam60a",0,1,0,0,0,0,0,0,0
"411","Fam63a",0,0,1,0,0,0,0,0,0
"412","Fam63b",0,0,1,0,0,0,0,0,0
"413","Fam69a",0,1,1,0,0,0,0,0,0
"414","Fan1",0,1,1,0,0,0,0,0,0
"415","Fanci",0,0,1,0,0,0,0,0,0
"416","Farp1",0,1,0,0,0,0,0,0,0
"417","Fastkd2",0,1,0,0,0,0,0,0,0
"418","Fat1",0,1,1,0,0,0,0,0,0
"419","Fbln1",0,1,0,0,0,0,0,0,0
"420","Fbn1",0,0,1,0,0,0,0,0,0
"421","Fbxl4",0,1,0,0,0,0,0,0,0
"422","Fbxl6",0,0,1,0,0,0,0,0,0
"423","Fbxo25",0,1,0,0,0,0,0,0,0
"424","Fbxo30",0,1,1,0,0,0,0,0,0
"425","Fbxo32",0,1,1,0,0,0,0,0,0
"426","Fbxo33",0,0,0,0,0,0,0,0,1
"427","Fbxo44",0,1,1,0,0,0,0,0,0
"428","Fbxo6",0,1,1,0,0,0,0,0,0
"429","Fbxw7",0,0,0,0,0,0,0,0,1
"430","Fcgr3",0,1,0,0,0,0,0,0,0
"431","Fgd1",0,1,0,0,0,0,0,0,0
"432","Fgd3",0,1,0,0,0,0,0,0,0
"433","Fgd4",0,0,1,0,0,0,0,0,0
"434","Fgd5",0,0,1,0,0,0,0,0,0
"435","Fgfr1",1,0,0,0,0,0,0,0,0
"436","Fgfr2",0,1,1,0,0,0,0,0,0
"437","Filip1",0,0,1,0,0,0,0,0,0
"438","Fkbp14",0,1,0,0,0,0,0,0,0
"439","Fkbp8",0,1,1,0,0,0,0,0,0
"440","Fkbpl",0,1,0,0,0,0,0,0,0
"441","Flrt1",0,1,1,0,0,0,0,0,0
"442","Flrt3",0,1,0,0,0,0,0,0,0
"443","Flt1",0,0,1,0,0,0,0,0,0
"444","Fmn1",0,0,1,0,0,0,0,0,0
"445","Fmnl3",0,1,1,0,0,0,0,0,0
"446","Fn3krp",0,0,1,0,0,0,0,0,0
"447","Fndc10",0,1,1,0,0,0,0,0,0
"448","Fndc3a",0,0,1,0,0,0,0,0,0
"449","Fnta",0,1,1,0,0,0,0,0,0
"450","Fos",0,0,0,0,0,0,0,0,1
"451","Fosb",0,0,1,0,0,0,0,0,1
"452","Fosl2",0,0,0,0,0,0,0,0,1
"453","Foxj3",0,0,1,0,0,0,0,0,0
"454","Fra10ac1",0,1,1,0,0,0,0,0,0
"455","Frmd6",0,0,0,0,0,0,0,0,1
"456","Frmpd3",0,0,1,0,0,0,0,0,0
"457","Fry",0,0,1,0,0,0,0,0,0
"458","Fstl4",0,1,0,0,0,0,0,0,0
"459","Fzd3",0,0,1,0,0,0,0,0,0
"460","Fzd4",0,0,0,0,0,0,0,0,1
"461","Fzd5",0,0,0,0,0,0,1,0,1
"462","G3bp1",0,1,1,0,0,0,0,0,0
"463","G6pc3",0,1,1,0,0,0,0,0,0
"464","Gabpb1",0,1,1,0,0,0,0,0,0
"465","Gad2",0,1,1,0,0,0,0,0,0
"466","Gadd45g",0,0,0,0,0,0,0,0,1
"467","Galnt10",0,1,0,0,0,0,0,0,0
"468","Galnt13",0,1,1,0,0,0,0,0,0
"469","Garem",0,1,0,0,0,0,0,0,0
"470","Gcc2",0,1,0,0,0,0,0,0,0
"471","Gch1",0,0,0,0,0,0,0,0,1
"472","Gclc",0,1,1,0,0,0,0,0,0
"473","Gcnt2",0,0,0,0,0,0,0,0,1
"474","Gdpd2",0,1,0,0,0,0,0,0,0
"475","Gemin4",0,1,0,0,0,0,0,0,0
"476","Get4",0,0,1,0,0,0,0,0,0
"477","Gfer",0,1,1,0,0,0,0,0,0
"478","Gfpt1",0,1,1,0,0,0,0,0,0
"479","Gfpt2",0,1,0,0,0,0,0,0,0
"480","Gipc1",0,1,1,0,0,0,0,0,0
"481","Glcci1",0,0,1,0,0,0,0,0,0
"482","Gli3",0,1,1,0,0,0,0,0,0
"483","Glyctk",0,1,0,0,0,0,0,0,0
"484","Gm10053",0,0,1,0,0,0,0,0,0
"485","Gm10146",0,1,0,0,0,0,0,0,0
"486","Gm12258",0,0,0,0,0,0,0,0,1
"487","Gm13889",0,0,1,0,0,0,0,0,1
"488","Gm14305",0,1,1,0,0,0,0,0,0
"489","Gm14326",0,1,1,0,0,0,0,0,0
"490","Gm16485",0,1,1,0,0,0,0,0,0
"491","Gm1818",0,0,0,0,0,0,0,0,1
"492","Gm20390",1,1,1,0,0,0,0,0,0
"493","Gm20715",0,1,0,0,0,0,0,0,0
"494","Gm2115",0,0,0,0,0,0,0,1,0
"495","Gm21685",0,1,1,0,0,0,0,0,0
"496","Gm21887",0,0,1,0,0,0,0,0,0
"497","Gm21949",1,0,0,0,0,0,0,0,0
"498","Gm29394",0,0,0,0,0,0,0,0,1
"499","Gm38393",0,1,0,0,0,0,0,0,0
"500","Gm43796",0,1,0,0,0,0,0,0,0
"501","Gm43951",0,1,1,0,0,0,0,0,0
"502","Gm4631",0,0,1,0,0,0,0,0,0
"503","Gm5148",0,1,1,0,0,0,0,0,0
"504","Gm527",0,0,1,0,0,0,0,0,0
"505","Gm6741",0,1,0,0,0,0,0,0,0
"506","Gm9803",0,1,0,0,0,0,0,0,0
"507","Gm9821",0,0,1,0,0,0,0,0,0
"508","Gmpr",0,1,1,0,0,0,0,0,0
"509","Gmpr2",0,1,0,0,0,0,0,0,0
"510","Gnpat",0,1,1,0,0,0,0,0,0
"511","Golga1",0,1,1,0,0,0,0,0,0
"512","Golm1",0,1,1,0,0,0,0,0,0
"513","Gosr2",0,1,0,0,0,0,0,0,0
"514","Gpank1",0,1,0,0,0,0,0,0,0
"515","Gpd1",0,1,1,0,0,0,0,0,0
"516","Gpm6a",0,1,0,0,0,0,0,0,0
"517","Gpr158",0,1,0,0,0,0,0,0,0
"518","Gpr161",0,0,1,0,0,0,0,0,0
"519","Gpr180",0,0,1,0,0,0,0,0,0
"520","Greb1l",0,1,1,0,0,0,0,0,0
"521","Grem2",0,0,1,0,0,0,0,0,0
"522","Grid1",0,1,0,0,0,0,0,0,0
"523","Grik3",0,0,1,0,0,0,0,0,0
"524","Grin2b",0,1,1,0,0,0,0,0,0
"525","Grin2c",0,1,0,0,0,0,0,0,0
"526","Grip1",0,1,1,0,0,0,0,0,0
"527","Gripap1",0,1,1,0,0,0,0,0,0
"528","Grm1",0,0,1,0,0,0,0,0,0
"529","Gsta4",0,1,1,0,0,0,0,0,0
"530","Gstm4",0,1,1,0,0,0,0,0,0
"531","Gstm5",0,1,1,0,0,0,0,0,0
"532","Gstt3",0,0,1,0,0,0,0,0,0
"533","Gstz1",0,1,1,0,0,0,0,0,0
"534","Gtf2h2",0,1,1,0,0,0,0,0,0
"535","Gucy1a2",0,0,1,0,0,0,0,0,0
"536","Gucy2e",0,0,1,0,0,0,0,0,0
"537","Guf1",0,1,0,0,0,0,0,0,0
"538","Guk1",0,0,1,0,0,0,0,0,0
"539","Gxylt1",0,1,1,0,0,0,0,0,0
"540","Gys1",0,1,0,0,0,0,0,0,0
"541","H2-Ke6",0,1,0,0,0,0,0,0,0
"542","H2afv",0,1,1,0,0,0,0,0,0
"543","Hadh",0,1,1,0,0,0,0,0,0
"544","Hadhb",0,1,1,0,0,0,0,0,0
"545","Haus6",0,1,1,0,0,0,0,0,0
"546","Hcfc1",0,0,1,0,0,0,0,0,0
"547","Hcn1",0,1,1,0,0,0,0,0,0
"548","Hdac10",0,1,1,0,0,0,0,0,0
"549","Hdac6",0,0,1,0,0,0,0,0,0
"550","Hdhd3",0,0,0,0,0,0,0,0,1
"551","Hecw2",0,0,1,0,0,0,0,0,0
"552","Heg1",0,1,0,0,0,0,0,0,0
"553","Helz",0,0,1,0,0,0,0,0,0
"554","Herc3",0,0,1,0,0,0,0,0,0
"555","Herpud2",0,0,1,0,0,0,0,0,0
"556","Hexb",0,0,1,0,0,0,0,0,0
"557","Hif1an",0,1,1,0,0,0,0,0,0
"558","Hlf",0,1,1,0,0,0,0,0,0
"559","Hmbs",0,1,1,0,0,0,0,0,0
"560","Hmgcl",0,1,0,0,0,0,0,0,0
"561","Hmgcr",0,0,0,0,0,0,0,0,1
"562","Hmgn2",0,1,0,0,0,0,0,0,0
"563","Hmgn3",0,1,1,0,0,0,0,0,0
"564","Hmox2",0,0,1,0,0,0,0,0,0
"565","Hnrnpr",0,1,1,0,0,0,0,0,0
"566","Homer1",0,0,0,0,0,0,0,0,1
"567","Homer3",0,1,0,0,0,0,0,0,0
"568","Hprt",0,1,1,0,0,0,0,0,0
"569","Hr",0,1,1,0,0,0,0,0,0
"570","Hrasls",0,1,0,0,0,0,0,0,0
"571","Hsd17b11",0,1,1,0,0,0,0,0,0
"572","Hspa1a",0,1,1,0,0,0,0,0,0
"573","Hspa1b",0,0,1,0,0,0,0,0,0
"574","Hspa2",0,0,1,0,0,0,0,0,0
"575","Hspb1",0,1,1,0,0,0,0,0,0
"576","Hspbp1",0,0,1,0,0,0,0,0,0
"577","Hsph1",0,0,0,0,0,0,0,0,1
"578","Htr1a",0,1,0,0,0,0,0,0,0
"579","Htt",0,1,1,0,0,0,0,0,0
"580","Hypk",0,1,1,0,0,0,0,0,0
"581","Ice2",0,1,1,0,0,0,0,0,0
"582","Id2",0,1,1,0,0,0,0,0,0
"583","Id4",0,1,0,0,0,0,0,0,0
"584","Ier3",0,1,0,0,0,0,0,0,1
"585","Ifitm10",0,1,1,0,0,0,0,0,0
"586","Ift140",0,1,1,0,0,0,0,0,0
"587","Ift81",0,1,1,0,0,0,0,0,0
"588","Igbp1",0,0,1,0,0,0,0,0,0
"589","Igf2bp2",0,0,1,0,0,0,0,0,0
"590","Igsf11",0,1,1,0,0,0,0,0,0
"591","Ik",0,1,0,0,0,0,0,0,0
"592","Ikbkap",0,1,0,0,0,0,0,0,0
"593","Il1rapl1",0,1,1,0,0,0,0,0,0
"594","Il4ra",1,0,0,0,0,0,0,0,0
"595","Impa1",0,0,1,0,0,0,0,0,0
"596","Ina",0,1,1,0,0,0,0,0,0
"597","Inhbb",0,0,1,0,0,0,0,0,0
"598","Ino80",0,0,1,0,0,0,0,0,0
"599","Inpp4b",0,0,1,0,0,0,0,0,0
"600","Insm1",0,0,0,0,0,0,1,0,0
"601","Intu",0,1,1,0,0,0,0,0,0
"602","Ipo5",0,1,0,0,0,0,0,0,0
"603","Iqcc",0,1,1,0,0,0,0,0,0
"604","Iqsec3",0,1,1,0,0,0,0,0,0
"605","Irak1bp1",0,1,0,0,0,0,0,0,0
"606","Irf2bp1",0,1,0,0,0,0,0,0,0
"607","Irf9",0,1,1,0,0,0,0,0,0
"608","Irs1",0,0,1,0,0,0,0,0,1
"609","Irs2",0,0,0,0,0,0,0,0,1
"610","Itga3",0,1,1,0,0,0,0,0,0
"611","Itgb1",0,1,1,0,0,0,0,0,0
"612","Jade1",0,1,0,0,0,0,0,0,0
"613","Jade3",0,1,1,0,0,0,0,0,0
"614","Jag2",0,0,1,0,0,0,0,0,0
"615","Jak2",0,0,1,0,0,0,0,0,0
"616","Jmjd6",0,1,0,0,0,0,0,0,0
"617","Jmjd8",0,1,0,0,0,0,0,0,0
"618","Josd1",0,0,1,0,0,0,0,0,0
"619","Jun",0,0,0,0,0,0,0,0,1
"620","Junb",0,0,0,0,0,0,0,0,1
"621","Jund",0,0,0,0,0,0,0,0,1
"622","Kank1",0,1,1,0,0,0,0,0,0
"623","Kansl2",0,1,1,0,0,0,0,0,0
"624","Kat2b",0,1,0,0,0,0,0,0,0
"625","Kat6a",0,0,1,0,0,0,0,0,0
"626","Katnb1",0,1,0,0,0,0,0,0,0
"627","Kbtbd3",0,0,1,0,0,0,0,0,0
"628","Kcna1",0,0,1,0,0,0,0,0,0
"629","Kcna4",0,0,1,0,0,0,0,0,0
"630","Kcnb2",0,1,1,0,0,0,0,0,0
"631","Kcnc1",0,0,1,0,0,0,0,0,0
"632","Kcnc2",0,0,1,0,0,0,0,1,0
"633","Kcnd3",0,0,1,0,0,0,0,0,0
"634","Kcnip1",0,1,1,0,0,0,0,0,0
"635","Kcnj10",0,1,1,0,0,0,0,0,0
"636","Kcnj12",0,1,0,0,0,0,0,0,0
"637","Kcnn1",0,1,0,0,0,0,0,0,0
"638","Kcnu1",0,1,0,0,0,0,0,0,0
"639","Kctd15",0,1,0,0,0,0,0,0,0
"640","Kctd5",0,0,1,0,0,0,0,0,0
"641","Kdelr2",0,1,0,0,0,0,0,0,0
"642","Kdm4a",0,1,1,0,0,0,0,0,0
"643","Kdm5d",0,0,1,0,0,0,0,0,0
"644","Kdm6b",0,0,0,0,0,0,0,0,1
"645","Khnyn",0,0,1,0,0,0,0,0,0
"646","Kif13b",0,1,1,0,0,0,0,0,0
"647","Kif1a",0,0,1,0,0,0,0,0,0
"648","Kif1b",0,1,1,0,0,0,0,0,0
"649","Kif26b",0,0,1,0,0,0,0,0,0
"650","Kif5c",0,1,1,0,0,0,0,0,0
"651","Kitl",0,0,0,0,0,0,0,0,1
"652","Klhl24",0,1,1,0,0,0,0,0,0
"653","Klkb1",0,0,1,0,0,0,0,0,0
"654","Kmt2e",0,0,1,0,0,0,0,0,0
"655","Kmt5a",0,0,1,0,0,0,0,0,0
"656","Kri1",0,0,1,0,0,0,0,0,0
"657","Krt222",0,1,1,0,0,0,0,0,0
"658","Lamtor3",0,1,1,0,0,0,0,0,0
"659","Lancl3",0,1,1,0,0,0,0,0,0
"660","Laptm4a",0,1,0,0,0,0,0,0,0
"661","Large",0,1,1,0,0,0,0,0,0
"662","Larp4b",0,1,1,0,0,0,0,0,0
"663","Lats2",0,1,1,0,0,0,0,0,0
"664","Lbh",0,0,0,0,0,0,0,0,1
"665","Ldah",0,1,0,0,0,0,0,0,0
"666","Lefty1",0,0,1,0,0,0,0,0,0
"667","Lemd3",0,0,1,0,0,0,0,0,1
"668","Letm2",0,0,1,0,0,0,0,0,0
"669","Lhfpl3",0,1,1,0,0,0,0,0,0
"670","Lhfpl4",0,1,1,0,0,0,0,0,0
"671","Lhx6",0,1,1,0,0,0,0,0,0
"672","Lin7a",0,1,1,0,0,0,0,0,0
"673","Lmna",0,0,0,0,0,0,0,0,1
"674","Lnpep",0,0,1,0,0,0,0,0,0
"675","Lnpk1",0,1,0,0,0,0,0,0,0
"676","Lonrf1",0,0,0,0,0,0,0,0,1
"677","Lonrf2",0,1,1,0,0,0,0,0,0
"678","Lpcat1",0,1,1,0,0,0,0,0,0
"679","Lpcat4",0,0,1,0,0,0,0,0,0
"680","Lpin1",0,1,1,0,0,0,0,0,0
"681","Lrfn4",0,0,1,0,0,0,0,0,0
"682","Lrp5",0,1,0,0,0,0,0,0,0
"683","Lrrc16a",0,1,1,0,0,0,0,0,0
"684","Lrrc32",0,0,0,0,0,0,0,0,1
"685","Lrrc42",0,1,1,0,0,0,0,0,0
"686","Lrrc58",0,0,1,0,0,0,0,0,0
"687","Lrwd1",0,1,1,0,0,0,0,0,0
"688","Lsamp",0,0,1,0,0,0,0,0,0
"689","Ltbp3",0,1,1,0,0,0,0,0,0
"690","Ltv1",0,0,1,0,0,0,0,0,0
"691","Lurap1l",0,1,1,0,0,0,0,0,0
"692","Lypd1",0,1,0,0,0,0,0,0,0
"693","Lzts3",0,0,1,0,0,0,0,0,0
"694","Mafk",0,1,0,0,0,0,0,0,0
"695","Man1a2",0,0,1,0,0,0,0,0,0
"696","Manba",0,0,1,0,0,0,0,0,0
"697","Map1lc3a",0,1,1,0,0,0,0,0,0
"698","Map3k12",0,0,1,0,0,0,0,0,0
"699","Map3k2",0,1,0,0,0,0,0,0,0
"700","Mapkapk2",0,0,1,0,0,0,0,0,0
"701","March9",0,1,0,0,0,0,0,0,0
"702","Marf1",0,0,1,0,0,0,0,0,0
"703","Mark2",0,1,1,0,0,0,0,0,0
"704","Mark3",0,0,1,0,0,0,0,0,0
"705","Mars2",0,1,1,0,0,0,0,0,0
"706","Mbd5",0,0,1,0,0,0,0,0,0
"707","Mcc",0,0,1,0,0,0,0,0,0
"708","Mcl1",0,1,0,0,0,0,0,0,0
"709","Mdc1",0,1,1,0,0,0,0,0,0
"710","Mdp1",0,1,0,0,0,0,0,0,0
"711","Med26",0,1,1,0,0,0,0,0,0
"712","Med8",0,0,1,0,0,0,0,0,0
"713","Mest",0,1,0,0,0,0,0,0,1
"714","Mettl16",0,0,1,0,0,0,0,0,0
"715","Mettl17",0,1,1,0,0,0,0,0,0
"716","Mettl21e",0,0,1,0,0,0,0,0,0
"717","Mettl3",0,1,1,0,0,0,0,0,0
"718","Mettl4",0,1,1,0,0,0,0,0,0
"719","Mfsd13a",0,0,1,0,0,0,0,0,0
"720","Mfsd3",0,1,1,0,0,0,0,0,0
"721","Mga",0,1,1,0,0,0,0,0,0
"722","Mgrn1",0,1,0,0,0,0,0,0,0
"723","Mif4gd",0,1,0,0,0,0,0,0,0
"724","Mina",0,1,1,0,0,0,0,0,0
"725","Mis18a",0,1,1,0,0,0,0,0,0
"726","Mknk2",0,1,1,0,0,0,0,0,0
"727","Mmadhc",0,0,1,0,0,0,0,0,0
"728","Mmgt1",0,1,1,0,0,0,0,0,0
"729","Mn1",0,1,1,0,0,0,0,0,1
"730","Mpdz",0,1,1,0,0,0,0,0,0
"731","Mphosph9",0,0,1,0,0,0,0,0,0
"732","Mpped1",0,0,1,0,0,0,0,0,0
"733","Mpv17l",0,1,1,0,0,0,0,0,0
"734","Mrfap1",0,1,1,0,0,0,0,0,0
"735","Mrgpre",0,0,1,0,0,0,0,0,0
"736","Mrpl11",0,1,1,0,0,0,0,0,0
"737","Mrpl16",0,1,0,0,0,0,0,0,0
"738","Mrpl17",0,1,1,0,0,0,0,0,0
"739","Mrpl28",0,0,1,0,0,0,0,0,0
"740","Mrpl43",0,1,1,0,0,0,0,0,0
"741","Mrpl44",0,1,1,0,0,0,0,0,0
"742","Mrpl48",0,0,1,0,0,0,0,0,0
"743","Mrpl53",0,1,0,0,0,0,0,0,0
"744","Msl2",0,1,0,0,0,0,0,0,0
"745","Msl3l2",0,0,1,0,0,0,0,0,0
"746","Mtfmt",0,0,1,0,0,0,0,0,0
"747","Mtmr1",0,1,1,0,0,0,0,0,0
"748","Mtmr7",0,1,0,0,0,0,0,0,0
"749","Mtmr9",0,1,0,0,0,0,0,0,0
"750","Mtrf1l",0,1,0,0,0,0,0,0,0
"751","Mturn",0,1,1,0,0,0,0,0,0
"752","Mtx1",0,1,0,0,0,0,0,0,0
"753","Mut",0,1,0,0,0,0,0,0,0
"754","Mvb12a",0,1,1,0,0,0,0,0,0
"755","Mxra7",0,1,1,0,0,0,0,0,0
"756","Mycbp",0,0,0,0,0,0,0,0,1
"757","Myo10",0,1,0,0,0,0,0,0,0
"758","Myo5a",0,0,1,0,0,0,0,0,0
"759","Naa20",0,1,0,0,0,0,0,0,0
"760","Nabp1",0,1,1,0,0,0,0,0,0
"761","Nacc2",0,1,1,0,0,0,0,0,0
"762","Naglu",0,1,0,0,0,0,0,0,0
"763","Nalcn",0,1,0,0,0,0,0,0,0
"764","Nanos1",0,1,0,0,0,0,0,0,0
"765","Nanos2",0,1,1,0,0,0,0,0,0
"766","Nans",0,1,0,0,0,0,0,0,0
"767","Nap1l4",0,1,1,0,0,0,0,0,0
"768","Nap1l5",0,0,0,0,0,0,0,0,1
"769","Narf",0,1,1,0,0,0,0,0,0
"770","Nat9",0,0,1,0,0,0,0,0,0
"771","Ncam2",0,1,1,0,0,0,0,0,0
"772","Ncoa1",0,0,1,0,0,0,0,0,0
"773","Ncoa2",0,1,1,0,0,0,0,0,0
"774","Ncoa4",0,1,1,0,0,0,0,0,0
"775","Ndst2",0,1,0,0,0,0,0,0,0
"776","Ndufs7",0,0,1,0,0,0,0,0,0
"777","Nedd9",0,1,0,0,0,0,0,0,0
"778","Nefm",0,0,1,0,0,0,0,0,0
"779","Nek7",0,1,1,0,0,0,0,0,0
"780","Nek9",0,1,1,0,0,0,0,0,0
"781","Nell1",0,1,0,0,0,0,0,0,0
"782","Nes",0,1,1,0,0,0,0,0,0
"783","Net1",0,1,1,0,0,0,0,0,0
"784","Neto2",0,0,1,0,0,0,0,0,0
"785","Nf2",0,0,1,0,0,0,0,0,0
"786","Nfil3",0,0,0,0,0,0,0,0,1
"787","Nfkb2",0,1,1,0,0,0,0,0,0
"788","Nfkbia",0,1,0,0,0,0,0,0,0
"789","Ngef",0,0,1,0,0,0,0,0,0
"790","Nkap",0,1,1,0,0,0,0,0,0
"791","Nkrf",0,0,1,0,0,0,0,0,0
"792","Nle1",0,0,1,0,0,0,0,0,0
"793","Nlgn3",0,1,1,0,0,0,0,0,0
"794","Nlrp3",0,0,0,0,0,0,0,1,1
"795","Nlrx1",0,1,1,0,0,0,0,0,0
"796","Nme1",0,0,1,0,0,0,0,0,0
"797","Nme5",0,1,1,0,0,0,0,0,0
"798","Nol4l",0,1,1,0,0,0,0,0,0
"799","Nolc1",0,0,1,0,0,0,0,0,0
"800","Nos1",0,1,1,0,0,0,0,0,0
"801","Notch2",0,1,1,0,0,0,0,0,0
"802","Nov",0,0,1,0,0,0,0,0,0
"803","Npas4",0,0,1,0,0,0,0,0,1
"804","Npc1",0,1,0,0,0,0,0,0,0
"805","Nploc4",0,1,0,0,0,0,0,0,0
"806","Npm3",0,1,1,0,0,0,0,0,0
"807","Npr2",0,1,1,0,0,0,0,0,0
"808","Nptx2",0,1,1,0,0,0,1,0,1
"809","Nr2c1",0,1,1,0,0,0,0,0,0
"810","Nr2c2ap",0,1,0,0,0,0,0,0,0
"811","Nr4a1",0,0,0,0,0,0,0,0,1
"812","Nr4a2",0,0,0,0,0,0,0,0,1
"813","Nr4a3",0,0,0,0,0,0,0,0,1
"814","Nrde2",0,1,1,0,0,0,0,0,0
"815","Nrf1",0,1,0,0,0,0,0,0,0
"816","Nrgn",0,0,1,0,0,0,0,0,0
"817","Nt5dc3",0,1,1,0,0,0,0,0,0
"818","Ntng1",0,0,1,0,0,0,0,0,0
"819","Ntpcr",0,0,1,0,0,0,0,0,0
"820","Ntrk3",0,1,1,0,0,0,0,0,0
"821","Nudt11",0,1,0,0,0,0,0,0,0
"822","Nudt16l1",0,1,1,0,0,0,0,0,0
"823","Nudt19",0,0,1,0,0,0,0,0,0
"824","Nudt6",0,0,1,0,0,0,0,0,0
"825","Numb",0,1,1,0,0,0,0,0,0
"826","Nup85",0,1,0,0,0,0,0,0,0
"827","Nxph3",0,1,0,0,0,0,0,0,0
"828","Nxt2",0,0,1,0,0,0,0,0,0
"829","Oas1b",0,1,0,0,0,0,0,0,0
"830","Odc1",0,0,0,0,0,0,0,0,1
"831","Ogg1",0,1,0,0,0,0,0,0,0
"832","Olfm3",0,0,1,0,0,0,0,0,0
"833","Oprd1",0,1,1,0,0,0,0,0,0
"834","Optn",0,1,0,0,0,0,0,0,0
"835","Orc6",0,1,0,0,0,0,0,0,0
"836","Otud1",0,0,0,0,0,0,0,0,1
"837","Ovca2",0,0,1,0,0,0,0,0,0
"838","P3h4",0,1,0,0,0,0,0,0,0
"839","P4ha1",0,0,0,0,0,0,0,0,1
"840","Padi2",0,1,0,0,0,0,0,0,0
"841","Pak6",0,0,0,0,0,0,0,0,1
"842","Papd5",0,1,1,0,0,0,0,0,0
"843","Parp10",0,1,1,0,0,0,0,0,0
"844","Patz1",0,0,1,0,0,0,0,0,0
"845","Pcdh10",0,1,1,0,0,0,0,0,0
"846","Pcdh15",0,1,1,0,0,0,0,0,0
"847","Pcdh17",0,0,1,0,0,0,0,0,0
"848","Pcdh19",0,1,1,0,0,0,0,0,0
"849","Pcdh8",0,0,0,0,0,0,0,0,1
"850","Pcdhb12",0,1,1,0,0,0,0,0,0
"851","Pcdhb16",0,1,0,0,0,0,0,0,0
"852","Pcdhb6",0,1,0,0,0,0,0,0,0
"853","Pcdhgb5",0,1,1,0,0,0,0,0,0
"854","Pcdhgc5",0,1,1,0,0,0,0,0,0
"855","Pck2",0,1,1,0,0,0,0,0,0
"856","Pcnt",0,1,1,0,0,0,0,0,0
"857","Pcp4l1",0,1,0,0,0,0,0,0,0
"858","Pdcd2l",0,1,1,0,0,0,0,0,0
"859","Pdcl",0,1,0,0,0,0,0,0,0
"860","Pde6a",0,0,1,0,0,0,0,0,0
"861","Pdia4",0,1,0,0,0,0,0,0,0
"862","Pdp1",0,1,1,0,0,0,0,0,0
"863","Pdpn",0,1,0,0,0,0,0,0,0
"864","Pdpr",0,1,0,0,0,0,0,0,0
"865","Pds5a",0,1,0,0,0,0,0,0,0
"866","Pdxk",0,1,1,0,0,0,0,0,0
"867","Pebp1",0,0,1,0,0,0,0,0,0
"868","Pecr",0,1,0,0,0,0,0,0,0
"869","Peli1",0,0,0,0,0,0,0,0,1
"870","Peli2",0,1,1,0,0,0,0,0,0
"871","Per1",0,0,0,0,0,0,0,0,1
"872","Per2",0,0,0,0,0,0,0,0,1
"873","Pex26",0,1,1,0,0,0,0,0,0
"874","Pgbd5",0,1,1,0,0,0,0,0,0
"875","Pgk1",0,0,1,0,0,0,0,0,0
"876","Pgrmc1",0,1,0,0,0,0,0,0,0
"877","Phka1",0,0,1,0,0,0,0,0,0
"878","Phlpp2",0,1,1,0,0,0,0,0,0
"879","Pias4",0,0,1,0,0,0,0,0,0
"880","Pick1",0,1,1,0,0,0,0,0,0
"881","Piga",0,0,0,0,0,0,0,0,1
"882","Pigp",0,1,1,0,0,0,0,0,0
"883","Pik3cb",0,1,1,0,0,0,0,0,0
"884","Pitpnc1",0,1,1,0,0,0,0,0,0
"885","Pknox1",0,1,1,0,0,0,0,0,0
"886","Pla2g15",0,1,1,0,0,0,0,0,0
"887","Pla2g7",0,1,0,0,0,0,0,0,0
"888","Plagl1",0,0,0,0,0,0,0,0,1
"889","Plagl2",0,0,1,0,0,0,0,0,0
"890","Plau",0,0,1,0,0,0,0,0,0
"891","Plaur",0,1,0,0,0,0,0,0,0
"892","Plekha1",0,1,0,0,0,0,0,0,0
"893","Plekha8",0,1,1,0,0,0,0,0,0
"894","Plin2",0,1,0,0,0,0,0,0,0
"895","Plk2",0,0,0,0,0,0,0,0,1
"896","Plk3",0,0,0,0,0,0,0,0,1
"897","Plxdc1",0,1,1,0,0,0,0,0,0
"898","Plxdc2",0,1,1,0,0,0,0,0,0
"899","Plxna4",0,1,1,0,0,0,0,0,0
"900","Pmpca",0,1,1,0,0,0,0,0,0
"901","Pnpla3",0,1,1,0,0,0,0,0,0
"902","Pnpla8",0,1,0,0,0,0,0,0,0
"903","Podxl",0,1,1,0,0,0,0,0,0
"904","Podxl2",0,0,1,0,0,0,0,0,0
"905","Polr2d",0,1,0,0,0,0,0,0,0
"906","Polr2h",0,0,1,0,0,0,0,0,0
"907","Polr3gl",0,1,0,0,0,0,0,0,0
"908","Polrmt",0,0,1,0,0,0,0,0,0
"909","Pou3f3",0,0,0,0,0,0,0,0,1
"910","Ppdpf",0,1,0,0,0,0,0,0,0
"911","Ppfibp1",0,1,1,0,0,0,0,0,0
"912","Ppil2",0,1,1,0,0,0,0,0,0
"913","Ppm1d",0,1,1,0,0,0,0,0,0
"914","Ppp1cb",0,1,0,0,0,0,0,0,0
"915","Ppp1r13l",0,1,0,0,0,0,0,0,0
"916","Ppp1r15a",0,0,0,0,0,0,0,0,1
"917","Ppp1r3f",0,0,1,0,0,0,0,0,0
"918","Ppp1r3g",0,1,1,0,0,0,0,0,0
"919","Ppp2r5d",0,1,1,0,0,0,0,0,0
"920","Ppp3r1",0,0,1,0,0,0,0,0,0
"921","Ppp5c",0,0,1,0,0,0,0,0,0
"922","Ppp6r2",0,1,0,0,0,0,0,0,0
"923","Ppt2",0,1,0,0,0,0,0,0,0
"924","Pqlc2",0,1,0,0,0,0,0,0,0
"925","Praf2",0,1,1,0,0,0,0,0,0
"926","Prcp",0,1,0,0,0,0,0,0,0
"927","Prdm11",0,1,1,0,0,0,0,0,0
"928","Prkar1b",0,1,1,0,0,0,0,0,0
"929","Prkdc",0,1,0,0,0,0,0,0,0
"930","Prkrip1",0,1,0,0,0,0,0,0,0
"931","Prmt2",0,1,0,0,0,0,0,0,0
"932","Prmt3",0,1,0,0,0,0,0,0,0
"933","Prom1",0,1,1,0,0,0,0,0,0
"934","Prpf3",0,1,0,0,0,0,0,0,0
"935","Prpf39",0,1,1,0,0,0,0,0,0
"936","Prpf4",0,1,0,0,0,0,0,0,0
"937","Prpf6",0,1,1,0,0,0,0,0,0
"938","Prpf8",0,0,1,0,0,0,0,0,0
"939","Prps2",0,1,1,0,0,0,0,0,0
"940","Prr18",0,1,1,0,0,0,0,0,0
"941","Prrt2",0,1,1,0,0,0,0,0,0
"942","Psg28",0,0,1,0,0,0,0,0,0
"943","Psmb2",0,1,1,0,0,0,0,0,0
"944","Psmc4",0,0,1,0,0,0,0,0,0
"945","Psmc5",0,1,0,0,0,0,0,0,0
"946","Psmg2",0,0,1,0,0,0,0,0,0
"947","Ptbp3",0,1,1,0,0,0,0,0,0
"948","Ptcd2",0,1,1,0,0,0,0,0,0
"949","Ptgs2",0,0,0,0,0,0,0,0,1
"950","Ptk7",0,1,1,0,0,0,0,0,0
"951","Ptpn11",0,0,1,0,0,0,0,0,0
"952","Ptpn4",0,0,1,0,0,0,0,0,0
"953","Ptprm",0,0,1,0,0,0,0,0,0
"954","Ptprn2",0,0,1,0,0,0,0,0,0
"955","Pura",0,1,1,0,0,0,0,0,0
"956","Pwp2",0,1,0,0,0,0,0,0,0
"957","Pygo1",0,0,1,0,0,0,0,0,0
"958","Qrsl1",0,1,1,0,0,0,0,0,0
"959","Rab13",0,1,0,0,0,0,0,0,0
"960","Rab1b",0,1,1,0,0,0,0,0,0
"961","Rab31",0,1,0,0,0,0,0,0,0
"962","Rab3c",0,0,1,0,0,0,0,0,0
"963","Rab43",0,1,0,0,0,0,0,0,0
"964","Rabep2",0,1,1,0,0,0,0,0,0
"965","Rabgap1",0,1,0,0,0,0,0,0,0
"966","Rabif",0,1,0,0,0,0,0,0,0
"967","Rai2",0,1,1,0,0,0,0,0,0
"968","Ralgps2",0,1,1,0,0,0,0,0,0
"969","Ramp2",0,1,0,0,0,0,0,0,0
"970","Ranbp2",0,0,0,0,0,0,0,0,1
"971","Rangrf",0,1,0,0,0,0,0,0,0
"972","Rap2b",0,1,0,0,0,0,0,0,0
"973","Rasal2",0,1,1,0,0,0,0,0,0
"974","Rasd1",0,0,0,0,0,0,0,0,1
"975","Rasip1",0,1,1,0,0,0,0,0,0
"976","Rasl11a",0,0,0,0,0,0,0,0,1
"977","Rasl11b",0,1,0,0,0,0,0,0,1
"978","Rbak",0,0,1,0,0,0,0,0,0
"979","Rbbp4",0,0,1,0,0,0,0,0,0
"980","Rbmx2",0,1,1,0,0,0,0,0,0
"981","Rcan2",0,0,1,0,0,0,0,0,0
"982","Rccd1",0,1,0,0,0,0,0,0,0
"983","Rdh1",0,0,1,0,0,0,0,0,0
"984","Relt",0,1,1,0,0,0,0,0,0
"985","Rem2",0,1,0,0,0,0,0,0,0
"986","Rest",0,0,1,0,0,0,0,0,0
"987","Rfc1",0,1,0,0,0,0,0,0,0
"988","Rfesd",0,0,1,0,0,0,0,0,0
"989","Rftn2",0,1,0,0,0,0,0,0,0
"990","Rfwd3",0,0,1,0,0,0,0,0,0
"991","Rfx2",0,0,0,0,0,0,0,0,1
"992","Rgs16",0,1,0,0,0,0,0,0,0
"993","Rgs2",0,0,1,0,0,0,0,0,1
"994","Rgs4",0,0,0,0,0,0,0,0,1
"995","Rgs6",0,1,0,0,0,0,0,0,0
"996","Rgs8",0,1,1,0,0,0,0,0,0
"997","Rhbdl3",0,0,1,0,0,0,0,0,0
"998","Rhobtb1",0,1,1,0,0,0,0,0,0
"999","Rin2",0,1,0,0,0,0,0,0,0
"1000","Rlim",0,1,1,0,0,0,0,0,0
"1001","Rltpr",0,1,1,0,0,0,0,0,0
"1002","Rnaseh1",0,0,1,0,0,0,0,0,0
"1003","Rnaseh2c",0,1,1,0,0,0,0,0,0
"1004","Rnf11",0,1,1,0,0,0,0,0,0
"1005","Rnf112",0,1,1,0,0,0,0,0,0
"1006","Rnf121",0,1,1,0,0,0,0,0,0
"1007","Rnf165",0,0,1,0,0,0,0,0,0
"1008","Rnf166",0,1,0,0,0,0,0,0,0
"1009","Rnf180",0,0,1,0,0,0,0,0,0
"1010","Rnf182",0,1,1,0,0,0,0,0,0
"1011","Rnf207",0,1,0,0,0,0,0,0,0
"1012","Rnf216",0,0,1,0,0,0,0,0,0
"1013","Rnf25",0,0,1,0,0,0,0,0,0
"1014","Rnls",0,1,0,0,0,0,0,0,0
"1015","Rnpc3",0,1,0,0,0,0,0,0,0
"1016","Rnpep",0,1,1,0,0,0,0,0,0
"1017","Robo1",0,1,1,0,0,0,0,0,0
"1018","RP23-220F20.2",0,1,0,0,0,0,0,0,0
"1019","Rpap3",0,1,0,0,0,0,0,0,0
"1020","Rpl10",0,0,1,0,0,0,0,0,0
"1021","Rpl10-ps3",0,1,1,0,0,0,0,0,0
"1022","Rpl36",0,0,1,0,0,0,0,0,0
"1023","Rpl7",0,1,1,0,0,0,0,0,0
"1024","Rplp2",0,0,1,0,0,0,0,0,0
"1025","Rps12",0,0,0,0,0,1,1,0,0
"1026","Rps23",0,1,1,0,0,0,0,0,0
"1027","Rps6",0,0,1,0,0,0,0,0,0
"1028","Rps6kb2",0,1,1,0,0,0,0,0,0
"1029","Rps9",0,1,1,0,0,0,0,0,0
"1030","Rrbp1",0,1,1,0,0,0,0,0,0
"1031","Rreb1",0,1,1,0,0,0,0,0,0
"1032","Rrp1",0,1,0,0,0,0,0,0,0
"1033","Rsc1a1",0,0,1,0,0,0,0,0,0
"1034","Rsph3a",0,0,1,0,0,0,0,0,0
"1035","Rtel1",0,1,1,0,0,0,0,0,0
"1036","Rtl1",0,0,0,0,0,0,0,0,1
"1037","Rtn4",0,1,0,0,0,0,0,0,0
"1038","Rufy3",0,1,0,0,0,0,0,0,0
"1039","Rundc1",0,1,1,0,0,0,0,0,0
"1040","S100a1",0,0,1,0,0,0,0,0,0
"1041","S1pr1",0,1,1,0,0,0,0,0,0
"1042","Sacm1l",0,1,0,0,0,0,0,0,0
"1043","Samd1",0,1,1,0,0,0,0,0,0
"1044","Samhd1",0,0,1,0,0,0,0,0,0
"1045","Sars2",0,1,0,0,0,0,0,0,0
"1046","Sash1",0,1,1,0,0,0,0,0,0
"1047","Sat1",0,0,0,0,0,0,0,0,1
"1048","Sbsn",0,1,0,0,0,0,0,0,0
"1049","Scd2",0,1,1,0,0,0,0,0,0
"1050","Scn4b",0,1,1,0,0,0,0,0,0
"1051","Sco2",0,0,0,1,1,0,0,0,0
"1052","Scyl1",0,1,1,0,0,0,0,0,0
"1053","Sdad1",0,1,0,0,0,0,0,0,0
"1054","Sdc3",0,1,1,0,0,0,0,0,0
"1055","Sdhaf2",0,1,1,0,0,0,0,0,0
"1056","Sdhaf4",0,1,1,0,0,0,0,0,0
"1057","Sec23ip",0,1,0,0,0,0,0,0,0
"1058","Sec61a2",0,1,1,0,0,0,0,0,0
"1059","Selt",0,1,1,0,0,0,0,0,0
"1060","Sema4a",0,0,1,0,0,0,0,0,0
"1061","Sema4b",0,1,1,0,0,0,0,0,0
"1062","Senp2",0,1,0,0,0,0,0,0,0
"1063","Senp8",0,1,0,0,0,0,0,0,0
"1064","Sept9",0,1,1,0,0,0,0,0,0
"1065","Serf1",0,1,0,0,0,0,0,0,0
"1066","Serinc5",0,1,1,0,0,0,0,0,0
"1067","Sertad1",0,0,0,0,0,0,0,0,1
"1068","Sesn3",0,1,0,0,0,0,0,0,0
"1069","Setd7",0,1,1,0,0,0,0,0,0
"1070","Sf1",0,1,0,0,0,0,0,0,0
"1071","Sf3b2",0,0,1,0,0,0,0,0,0
"1072","Sfmbt1",0,1,0,0,0,0,0,0,0
"1073","Sfn",0,1,0,0,0,0,0,0,0
"1074","Sfxn5",0,1,0,0,0,0,0,0,0
"1075","Sgcb",0,1,1,0,0,0,0,0,0
"1076","Sgk1",0,0,0,0,0,0,1,0,1
"1077","Sgms2",0,0,1,0,0,0,0,0,0
"1078","Sh3bgrl3",0,1,1,0,0,0,0,0,0
"1079","Sh3pxd2b",0,1,1,0,0,0,0,0,0
"1080","Sh3rf1",0,1,1,0,0,0,0,0,0
"1081","Shisa5",0,1,0,0,0,0,0,0,0
"1082","Shoc2",0,0,1,0,0,0,0,0,0
"1083","Shroom4",0,1,0,0,0,0,0,0,0
"1084","Shtn1",0,1,0,0,0,0,0,0,0
"1085","Siah2",0,0,0,0,0,0,0,0,1
"1086","Sik1",0,0,0,0,0,0,0,0,1
"1087","Sipa1l1",0,1,1,0,0,0,0,0,0
"1088","Sirt3",0,1,1,0,0,0,0,0,0
"1089","Skap2",0,1,1,0,0,0,0,0,0
"1090","Slain1",0,1,0,0,0,0,0,0,0
"1091","Slc12a2",0,1,0,0,0,0,0,0,0
"1092","Slc12a4",0,1,1,0,0,0,0,0,0
"1093","Slc16a1",0,0,0,0,0,0,1,0,1
"1094","Slc19a2",0,1,1,0,0,0,0,0,0
"1095","Slc1a2",0,1,1,0,0,0,0,0,0
"1096","Slc24a2",0,0,1,0,0,0,0,0,0
"1097","Slc24a3",0,1,0,0,0,0,0,0,0
"1098","Slc25a25",0,0,0,0,0,0,0,0,1
"1099","Slc25a28",0,1,1,0,0,0,0,0,0
"1100","Slc25a35",0,1,0,0,0,0,0,0,0
"1101","Slc25a38",0,0,1,0,0,0,0,0,0
"1102","Slc25a39",0,1,1,0,0,0,0,0,0
"1103","Slc25a46",0,0,1,0,0,0,0,0,0
"1104","Slc26a2",0,0,1,0,0,0,0,0,0
"1105","Slc2a13",0,0,1,0,0,0,0,0,0
"1106","Slc30a1",0,1,1,0,0,0,0,0,0
"1107","Slc30a6",0,1,1,0,0,0,0,0,0
"1108","Slc31a2",0,1,1,0,0,0,0,0,0
"1109","Slc35b4",0,0,1,0,0,0,0,0,0
"1110","Slc35f4",0,1,1,0,0,0,0,0,0
"1111","Slc38a1",0,1,1,0,0,0,0,0,0
"1112","Slc38a9",0,1,0,0,0,0,0,0,0
"1113","Slc39a13",0,1,1,0,0,0,0,0,0
"1114","Slc44a1",0,0,1,0,0,0,0,0,0
"1115","Slc45a4",0,1,1,0,0,0,0,0,0
"1116","Slc4a2",0,1,0,0,0,0,0,0,0
"1117","Slc4a3",0,0,1,0,0,0,0,0,0
"1118","Slc50a1",0,1,1,0,0,0,0,0,0
"1119","Slc7a11",0,1,1,0,0,0,0,0,0
"1120","Slc7a2",0,1,1,0,0,0,0,0,0
"1121","Slc8a1",0,0,1,0,0,0,0,0,0
"1122","Slc9a2",0,1,1,0,0,0,0,0,0
"1123","Slc9a7",0,1,1,0,0,0,0,0,0
"1124","Slco1a4",0,1,1,0,0,0,0,0,0
"1125","Slitrk1",0,1,0,0,0,0,0,0,0
"1126","Slitrk5",0,1,1,0,0,0,0,0,0
"1127","Slx1b",0,0,1,0,0,0,0,0,0
"1128","Smad4",0,1,1,0,0,0,0,0,0
"1129","Smad5",0,1,0,0,0,0,0,0,0
"1130","Smad7",0,0,0,0,0,0,1,0,1
"1131","Smc6",0,1,1,0,0,0,0,0,0
"1132","Smdt1",0,1,0,0,0,0,0,0,0
"1133","Smek2",0,0,1,0,0,0,0,0,0
"1134","Smg6",0,1,0,0,0,0,0,0,0
"1135","Smim13",0,1,1,0,0,0,0,0,0
"1136","Smim17",0,1,0,0,0,0,0,0,0
"1137","Smim3",0,0,1,0,0,0,0,0,0
"1138","Smo",0,1,1,0,0,0,0,0,0
"1139","Smpd3",0,1,1,0,0,0,0,0,0
"1140","Snap29",0,0,1,0,0,0,0,0,0
"1141","Sned1",0,1,1,0,0,0,0,0,0
"1142","Snrpd2",0,1,0,0,0,0,0,0,0
"1143","Snx1",0,1,1,0,0,0,0,0,0
"1144","Snx12",0,1,1,0,0,0,0,0,0
"1145","Snx18",0,0,0,0,0,0,0,0,1
"1146","Snx2",0,0,1,0,0,0,0,0,0
"1147","Snx24",0,0,1,0,0,0,0,0,0
"1148","Snx8",0,1,0,0,0,0,0,0,0
"1149","Soat1",0,1,0,0,0,0,0,0,0
"1150","Socs4",0,1,0,0,0,0,0,0,0
"1151","Sorcs1",0,0,1,0,0,0,0,0,0
"1152","Sowahc",0,1,1,0,0,0,0,0,0
"1153","Sox10",0,0,1,0,0,0,0,0,0
"1154","Sox5",0,0,1,0,0,0,0,0,0
"1155","Spag7",0,1,0,0,0,0,0,0,0
"1156","Spag9",0,1,0,0,0,0,0,0,0
"1157","Spast",0,0,1,0,0,0,0,0,0
"1158","Spats2",0,1,1,0,0,0,0,0,0
"1159","Specc1l",0,0,1,0,0,0,0,0,0
"1160","Spg20",0,1,1,0,0,0,0,0,0
"1161","Sphkap",0,1,1,0,0,0,0,0,0
"1162","Spi1",0,1,0,0,0,0,0,0,0
"1163","Spin1",0,1,1,0,0,0,0,0,0
"1164","Sptb",0,1,1,0,0,0,0,0,0
"1165","Sptbn1",0,0,1,0,0,0,0,0,0
"1166","Spty2d1",0,0,0,0,0,0,0,0,1
"1167","Srek1",0,0,1,0,0,0,0,0,0
"1168","Srf",0,0,0,0,0,0,0,0,1
"1169","Srp14",0,1,1,0,0,0,0,0,0
"1170","Srprb",0,1,1,0,0,0,0,0,0
"1171","Srr",0,0,1,0,0,0,0,0,0
"1172","Srrd",0,0,1,0,0,0,0,0,0
"1173","Srxn1",0,1,1,0,0,0,0,0,0
"1174","Ssbp3",0,1,1,0,0,0,0,0,0
"1175","Ssna1",0,1,0,0,0,0,0,0,0
"1176","Ssr1",0,1,0,0,0,0,0,0,0
"1177","St5",0,1,1,0,0,0,0,0,0
"1178","St6galnac3",0,1,0,0,0,0,0,0,0
"1179","St6galnac4",0,0,1,0,0,0,0,0,0
"1180","St8sia4",0,0,1,0,0,0,0,0,0
"1181","Stam2",0,1,1,0,0,0,0,0,0
"1182","Stard13",0,0,1,0,0,0,0,0,0
"1183","Stk25",0,0,1,0,0,0,0,0,0
"1184","Stk3",0,0,1,0,0,0,0,0,0
"1185","Stmn4",0,1,1,0,0,0,0,0,0
"1186","Stox2",0,0,1,0,0,0,0,0,0
"1187","Strip1",0,0,1,0,0,0,0,0,0
"1188","Stt3b",0,1,1,0,0,0,0,0,0
"1189","Stx3",0,0,1,0,0,0,0,0,0
"1190","Stxbp2",0,1,1,0,0,0,0,0,0
"1191","Sugp1",0,1,0,0,0,0,0,0,0
"1192","Supt3",0,1,0,0,0,0,0,0,0
"1193","Surf2",0,1,1,0,0,0,0,0,0
"1194","Surf6",0,1,1,0,0,0,0,0,0
"1195","Swsap1",0,1,0,0,0,0,0,0,0
"1196","Syndig1",0,1,0,0,0,0,0,0,0
"1197","Synpo",0,1,0,0,0,0,0,0,0
"1198","Syt4",0,0,0,0,0,0,0,0,1
"1199","Syvn1",0,1,0,0,0,0,0,0,0
"1200","Tagln2",0,1,1,0,0,0,0,0,0
"1201","Taz",0,1,1,0,0,0,0,0,0
"1202","Tbc1d16",0,0,0,1,0,0,0,0,0
"1203","Tbc1d30",0,0,1,0,0,0,0,0,0
"1204","Tbc1d9",0,0,1,0,0,0,0,0,0
"1205","Tbcb",0,1,1,0,0,0,0,0,0
"1206","Tbp",0,1,0,0,0,0,0,0,0
"1207","Tceal3",0,1,0,0,0,0,0,0,0
"1208","Tcta",0,1,0,0,0,0,0,0,0
"1209","Tdrd3",0,1,0,0,0,0,0,0,0
"1210","Tdrd7",0,0,1,0,0,0,0,0,0
"1211","Tenm3",0,1,1,0,0,0,0,0,0
"1212","Tet1",0,1,1,0,0,0,0,0,0
"1213","Tet3",0,0,1,0,0,0,0,0,0
"1214","Tfrc",0,0,1,0,0,0,0,0,0
"1215","Tgfbr2",0,1,1,0,0,0,0,0,0
"1216","Tgoln1",0,1,1,0,0,0,0,0,0
"1217","Thap4",0,1,0,0,0,0,0,0,0
"1218","Thbs1",0,0,0,0,0,0,0,0,1
"1219","Thoc7",0,1,1,0,0,0,0,0,0
"1220","Thop1",0,1,1,0,0,0,0,0,0
"1221","Thra",0,0,1,0,0,0,0,0,0
"1222","Timm10b",0,1,0,0,0,0,0,0,0
"1223","Timm44",0,1,0,0,0,0,0,0,0
"1224","Timm9",0,1,1,0,0,0,0,0,0
"1225","Timp3",0,1,1,0,0,0,0,0,0
"1226","Tiparp",0,1,1,0,0,0,0,0,1
"1227","Tjp1",0,1,1,0,0,0,0,0,0
"1228","Tle4",0,1,1,0,0,0,0,0,0
"1229","Tm9sf3",0,1,1,0,0,0,0,0,0
"1230","Tmco3",0,1,0,0,0,0,0,0,0
"1231","Tmem119",0,1,0,0,0,0,0,0,0
"1232","Tmem121",0,1,0,0,0,0,0,0,0
"1233","Tmem132e",0,1,0,0,0,0,0,0,0
"1234","Tmem143",0,1,0,0,0,0,0,0,0
"1235","Tmem175",0,1,1,0,0,0,0,0,0
"1236","Tmem186",0,1,0,0,0,0,0,0,0
"1237","Tmem199",0,1,1,0,0,0,0,0,0
"1238","Tmem229b",0,1,0,0,0,0,0,0,0
"1239","Tmem231",0,1,1,0,0,0,0,0,0
"1240","Tmem242",0,1,1,0,0,0,0,0,0
"1241","Tmem254a",0,1,0,0,0,0,0,0,0
"1242","Tmem254b",0,1,0,0,0,0,0,0,0
"1243","Tmem266",0,1,0,0,0,0,0,0,0
"1244","Tmem50b",0,0,1,0,0,0,0,0,0
"1245","Tmem57",0,0,1,0,0,0,0,0,0
"1246","Tmem64",0,1,1,0,0,0,0,0,0
"1247","Tmem65",0,0,1,0,0,0,0,0,0
"1248","Tmem87b",0,1,0,0,0,0,0,0,0
"1249","Tmem88b",0,0,1,0,0,0,0,0,0
"1250","Tmem8b",0,0,1,0,0,0,0,0,0
"1251","Tmem94",0,1,0,0,0,0,0,0,0
"1252","Tmtc2",0,1,1,0,0,0,0,0,0
"1253","Tmx3",0,1,0,0,0,0,0,0,0
"1254","Tnfaip8l3",0,1,1,0,0,0,0,0,0
"1255","Tnnt1",0,1,1,0,0,0,0,0,0
"1256","Tns2",0,0,1,0,0,0,0,0,0
"1257","Tomm40l",0,1,0,0,0,0,0,0,0
"1258","Tor1aip2",0,1,0,0,0,0,0,0,0
"1259","Tox2",0,0,1,0,0,0,0,0,0
"1260","Traf2",0,1,1,0,0,0,0,0,0
"1261","Traf6",0,0,1,0,0,0,0,0,0
"1262","Trex1",0,1,1,0,0,0,0,0,0
"1263","Trhde",0,1,0,0,0,0,0,0,0
"1264","Trib1",0,0,0,0,0,0,0,0,1
"1265","Trim26",0,1,1,0,0,0,0,0,0
"1266","Trim45",0,1,0,0,0,0,0,0,0
"1267","Trim56",0,1,1,0,0,0,0,0,0
"1268","Trp53i11",0,1,1,0,0,0,0,0,0
"1269","Tsc22d2",0,0,0,0,0,0,0,0,1
"1270","Tshz3",0,1,0,0,0,0,0,0,0
"1271","Tspan14",0,1,0,0,0,0,0,0,0
"1272","Ttc7b",0,1,1,0,0,0,0,0,0
"1273","Ttll7",0,1,1,0,0,0,0,0,0
"1274","Ttn",0,0,1,0,0,0,0,0,0
"1275","Ttyh2",0,1,1,0,0,0,0,0,0
"1276","Tuba4a",0,0,1,0,0,0,0,0,0
"1277","Tubb6",0,1,0,0,0,0,0,0,0
"1278","Tubgcp5",0,1,1,0,0,0,0,0,0
"1279","Tvp23a",0,0,1,0,0,0,0,0,0
"1280","Twistnb",0,1,0,0,0,0,0,0,0
"1281","Tysnd1",0,1,1,0,0,0,0,0,0
"1282","Tyw5",0,1,0,0,0,0,0,0,0
"1283","Uba6",0,1,1,0,0,0,0,0,0
"1284","Ubac2",0,1,0,0,0,0,0,0,0
"1285","Ubash3a",0,1,0,0,0,0,0,0,0
"1286","Ubc",0,0,0,0,0,0,0,0,1
"1287","Ube3c",0,1,0,0,0,0,0,0,0
"1288","Ubiad1",0,1,1,0,0,0,0,0,0
"1289","Ubn2",0,1,0,0,0,0,0,0,0
"1290","Ubr1",0,1,1,0,0,0,0,0,0
"1291","Ubr2",0,1,1,0,0,0,0,0,0
"1292","Ubtd2",0,1,1,0,0,0,0,0,0
"1293","Ubtf",0,1,1,0,0,0,0,0,0
"1294","Uckl1",0,0,1,0,0,0,0,0,0
"1295","Uhmk1",0,1,1,0,0,0,0,0,0
"1296","Ulk2",0,1,0,0,0,0,0,0,0
"1297","Unc13c",0,1,0,0,0,0,0,0,0
"1298","Uqcrh",0,0,1,0,0,0,0,0,0
"1299","Urb1",0,1,0,0,0,0,0,0,0
"1300","Use1",0,1,0,0,0,0,0,0,0
"1301","Usmg5",0,0,1,0,0,0,0,0,0
"1302","Usp19",0,1,1,0,0,0,0,0,0
"1303","Usp2",0,1,1,0,0,0,0,0,0
"1304","Usp36",0,1,0,0,0,0,0,0,0
"1305","Usp45",0,0,1,0,0,0,0,0,0
"1306","Usp6nl",0,0,1,0,0,0,0,0,0
"1307","Uvssa",0,1,1,0,0,0,0,0,0
"1308","Vash1",0,1,1,0,0,0,0,0,0
"1309","Vasn",0,1,1,0,0,0,0,0,0
"1310","Vcan",0,1,1,0,0,0,0,0,0
"1311","Vcl",0,0,0,0,0,0,0,0,1
"1312","Vcp",0,1,1,0,0,0,0,0,0
"1313","Vipas39",0,1,0,0,0,0,0,0,0
"1314","Vipr1",0,1,0,0,0,0,0,0,0
"1315","Vma21",0,1,0,0,0,0,0,0,0
"1316","Vstm2b",0,1,0,0,0,0,0,0,0
"1317","Vti1a",0,1,0,0,0,0,0,0,0
"1318","Vwa5a",0,1,1,0,0,0,0,0,0
"1319","Wash1",0,1,0,0,0,0,0,0,0
"1320","Wbp11",0,1,0,0,0,0,0,0,0
"1321","Wbp1l",0,1,1,0,0,0,0,0,0
"1322","Wdfy2",0,1,0,0,0,0,0,0,0
"1323","Wdpcp",0,1,0,0,0,0,0,0,0
"1324","Wdr61",0,1,1,0,0,0,0,0,0
"1325","Whsc1",0,1,0,0,0,0,0,0,0
"1326","Wls",0,1,0,0,0,0,0,0,0
"1327","Wnk1",0,1,1,0,0,0,0,0,0
"1328","Wrap73",0,1,1,0,0,0,0,0,0
"1329","Xndc1",0,1,1,0,0,0,0,0,0
"1330","Xrcc3",0,0,1,0,0,0,0,0,0
"1331","Xrcc6",0,0,1,0,0,0,0,0,0
"1332","Ykt6",0,1,1,0,0,0,0,0,0
"1333","Ylpm1",0,0,1,0,0,0,0,0,0
"1334","Ythdf2",0,1,1,0,0,0,0,0,0
"1335","Zak",0,0,1,0,0,0,0,0,0
"1336","Zc3h12a",0,0,1,0,0,0,0,0,0
"1337","Zc3h13",0,0,1,0,0,0,0,0,0
"1338","Zdbf2",0,1,1,0,0,0,0,0,1
"1339","Zeb1",0,1,1,0,0,0,0,0,0
"1340","Zfand5",0,0,0,0,0,0,0,0,1
"1341","Zfat",0,1,0,0,0,0,0,0,0
"1342","Zfp113",0,1,1,0,0,0,0,0,0
"1343","Zfp114",0,0,1,0,0,0,0,0,0
"1344","Zfp13",0,1,1,0,0,0,0,0,0
"1345","Zfp146",0,1,0,0,0,0,0,0,0
"1346","Zfp184",0,1,0,0,0,0,0,0,0
"1347","Zfp207",0,1,1,0,0,0,0,0,0
"1348","Zfp275",0,0,0,0,0,0,0,0,1
"1349","Zfp37",0,1,1,0,0,0,0,0,0
"1350","Zfp385a",0,1,0,0,0,0,0,0,0
"1351","Zfp395",0,0,1,0,0,0,0,0,0
"1352","Zfp414",0,0,1,0,0,0,0,0,0
"1353","Zfp420",0,1,0,0,0,0,0,0,0
"1354","Zfp446",0,0,1,0,0,0,0,0,0
"1355","Zfp493",0,1,0,0,0,0,0,0,0
"1356","Zfp512",0,1,0,0,0,0,0,0,0
"1357","Zfp518a",0,1,0,0,0,0,0,0,0
"1358","Zfp526",0,1,0,0,0,0,0,0,0
"1359","Zfp536",0,1,1,0,0,0,0,0,0
"1360","Zfp580",0,0,1,0,0,0,0,0,0
"1361","Zfp617",0,0,1,0,0,0,0,0,0
"1362","Zfp622",0,1,1,0,0,0,0,0,0
"1363","Zfp641",0,1,1,0,0,0,0,0,0
"1364","Zfp644",0,1,0,0,0,0,0,0,0
"1365","Zfp653",0,1,1,0,0,0,0,0,0
"1366","Zfp707",0,1,0,0,0,0,0,0,0
"1367","Zfp711",0,0,1,0,0,0,0,0,0
"1368","Zfp738",0,0,1,0,0,0,0,0,0
"1369","Zfp746",0,1,0,0,0,0,0,0,0
"1370","Zfp760",0,1,1,0,0,0,0,0,0
"1371","Zfp770",0,1,1,0,0,0,0,0,0
"1372","Zfp772",0,1,1,0,0,0,0,0,0
"1373","Zfp78",0,1,1,0,0,0,0,0,0
"1374","Zfp81",0,1,1,0,0,0,0,0,0
"1375","Zfp821",0,0,1,0,0,0,0,0,0
"1376","Zfp831",0,0,1,0,0,0,0,0,0
"1377","Zfp84",0,1,0,0,0,0,0,0,0
"1378","Zfp933",0,1,1,0,0,0,0,0,0
"1379","Zfp937",0,1,0,0,0,0,0,0,0
"1380","Zfp966",0,1,1,0,0,0,0,0,0
"1381","Zfyve16",0,0,1,0,0,0,0,0,0
"1382","Zfyve21",0,1,1,0,0,0,0,0,0
"1383","Zgpat",0,1,1,0,0,0,0,0,0
"1384","Zic3",0,1,0,0,0,0,0,0,0
"1385","Zkscan3",0,1,0,0,0,0,0,0,0
"1386","Zmpste24",0,1,1,0,0,0,0,0,0
"1387","Zmym4",0,0,1,0,0,0,0,0,0
"1388","Znfx1",0,1,0,0,0,0,0,0,0
"1389","Znrd1",0,0,1,0,0,0,0,0,0
"1390","Zscan26",0,1,1,0,0,0,0,0,0
